{
    "AWSEBDockerrunVersion": 2,
    "containerDefinitions": [
        {
            "essential": true,
            "image": "493849651063.dkr.ecr.us-east-2.amazonaws.com/socarproxy:latest",
            "name": "nginx",
            "memory": 128,
            "portMappings": [
                {
                    "containerPort": 80,
                    "hostPort": 80
                }
            ],
            "links": [
                "app_socar"
            ]

        },
        {
            "essential": true,
            "image": "493849651063.dkr.ecr.us-east-2.amazonaws.com/nodejsproj:latest",
            "memory": 128,
            "name": "app_socar"

        }
    ],
    "family": "",
    "volumes": []
}
